GEN_pt,theta,dPhi_12,dPhi_23,dPhi_34,dTh_12,dTh_23,dTh_34
29.4249,80,11,-4,8,0,0,0
21.7631,64,19,8,8,-4,3,0
150.868,70,0,16,-12,-1,2,-2
63.0843,61,6,4,-3,1,0,3
7.09471,14,103,24,8,-1,0,1
6.92052,72,32,-20,-28,-1,-1,5
40.2244,60,12,-1,1,4,0,0
4.50868,64,141,55,17,8,-1,-1
28.1645,68,16,1,-4,7,-8,0
145.117,82,0,2,-2,0,1,0
